{
  "project_info": {
    "project_number": "678719449578",
    "firebase_url": "https://car-parking-management-fdc5b.firebaseio.com",
    "project_id": "car-parking-management-fdc5b",
    "storage_bucket": "car-parking-management-fdc5b.appspot.com"
  },
  "client": [
    {
      "client_info": {
        "mobilesdk_app_id": "1:678719449578:android:07d8ba6e4616bcd047aa93",
        "android_client_info": {
          "package_name": "com.tecnosols.parkingmanagement"
        }
      },
      "oauth_client": [
        {
          "client_id": "678719449578-r27ljid1i2pjlovhctfs0edlcapus51t.apps.googleusercontent.com",
          "client_type": 1,
          "android_info": {
            "package_name": "com.tecnosols.parkingmanagement",
            "certificate_hash": "a357d4e20e8291e50f38964951be2de882c8a953"
          }
        },
        {
          "client_id": "678719449578-ke3cc3kj0p3mri54qjme9jflv1pr357p.apps.googleusercontent.com",
          "client_type": 3
        }
      ],
      "api_key": [
        {
          "current_key": "AIzaSyBJcpG4V9wija5NT-uBXYOFX0aE45E5Tt8"
        }
      ],
      "services": {
        "appinvite_service": {
          "other_platform_oauth_client": [
            {
              "client_id": "678719449578-ke3cc3kj0p3mri54qjme9jflv1pr357p.apps.googleusercontent.com",
              "client_type": 3
            }
          ]
        }
      }
    }
  ],
  "configuration_version": "1"
}